{"cameraMode":{"drawMode":0,"name":"Shaded","section":"Shading Mode"},"sceneLighting":true,"audioPlay":false,"sceneViewState":{"showFog":true,"showMaterialUpdate":false,"showSkybox":true,"showFlares":true,"showImageEffects":true,"showParticleSystems":true},"in2DMode":false,"pivot":{"x":99.82640838623047,"y":31.55414581298828,"z":139.13388061523438},"rotation":{"x":-0.3389134407043457,"y":-0.6549987196922302,"z":0.41927868127822878,"w":-0.5294522643089294},"size":304.2964172363281,"orthographic":false}